{"md5":"63e2650228746d7996bfb1ab1090464a","isNamespaced":false,"textureGroups":[{"scaleFactor":1,"atlases":[{"file":"atlas0.png","textures":[{"symbol":"fa","origin":[400,253],"rect":[1,1,800,507]},{"symbol":"_nightClub","origin":[262.75,347.95],"rect":[803,1,487,625]},{"symbol":"wi","origin":[196.4,331.55],"rect":[1,510,396,686]},{"symbol":"_factory","origin":[0,0],"rect":[1292,1,579,420]},{"symbol":"_hellHouse","origin":[259.75,221.4],"rect":[1292,423,512,410]},{"symbol":"vi","origin":[300,173.4],"rect":[399,628,600,347]},{"symbol":"_pool","origin":[217.7,251.25],"rect":[1001,835,469,268]},{"symbol":"_tower","origin":[82.75,200.95],"rect":[1873,1,166,402]},{"symbol":"_roadTop_turn0","origin":[0,0],"rect":[1001,628,193,191]},{"symbol":"_house","origin":[88.75,158.25],"rect":[1806,423,178,159]},{"symbol":"_wing","origin":[25.35,28.85],"rect":[399,977,412,66]},{"symbol":"_tile","origin":[70.7,70.7],"rect":[813,977,142,142]},{"symbol":"_roadTop_turn1","origin":[33.05,0],"rect":[1806,584,134,148]},{"symbol":"_roadTop_crossroad","origin":[15.05,13.65],"rect":[1806,734,130,130]},{"symbol":"_tree","origin":[59.2,133.3],"rect":[1472,835,119,134]},{"symbol":"_roadTop_straight","origin":[0,13.65],"rect":[1938,734,100,130]},{"symbol":"_earth","origin":[100,60],"rect":[399,510,200,60]},{"symbol":"_regionBtn","origin":[51.95,51.95],"rect":[1942,584,104,104]},{"symbol":"_ground","origin":[0,0],"rect":[601,510,100,100]},{"symbol":"_turbineNoze","origin":[0,0],"rect":[1942,690,31,27]}]}]}],"movies":[{"layers":[{"name":"_earth","keyframes":[{"index":0,"duration":1}]},{"name":"_earth","keyframes":[{"index":0,"duration":1}]},{"name":"_earth","keyframes":[{"index":0,"duration":1}]},{"name":"Ground","keyframes":[{"index":0,"duration":1}]},{"name":"_earth","keyframes":[{"index":0,"duration":1}]},{"name":"_earth","keyframes":[{"index":0,"duration":1}]},{"name":"_earth","keyframes":[{"index":0,"duration":1}]},{"name":"Ground","keyframes":[{"index":0,"duration":1}]},{"name":"Ground","keyframes":[{"index":0,"duration":1}]},{"name":"_earth","keyframes":[{"index":0,"duration":1}]},{"name":"Ground","keyframes":[{"index":0,"duration":1}]},{"name":"Ground","keyframes":[{"index":0,"duration":1}]},{"name":"Ground","keyframes":[{"index":0,"duration":1}]},{"name":"Ground","keyframes":[{"index":0,"duration":1}]},{"name":"Ground","keyframes":[{"index":0,"duration":1}]},{"name":"Ground","keyframes":[{"index":0,"duration":1}]},{"name":"Ground","keyframes":[{"index":0,"duration":1}]},{"name":"Ground","keyframes":[{"index":0,"duration":1}]},{"name":"Ground","keyframes":[{"index":0,"duration":1}]},{"name":"Ground","keyframes":[{"index":0,"duration":1}]},{"name":"Ground","keyframes":[{"index":0,"duration":1}]},{"name":"Ground","keyframes":[{"index":0,"duration":1}]},{"name":"_factory","keyframes":[{"pivot":[400,253],"tweened":false,"loc":[100,146.95],"ref":"fa","duration":1,"index":0}]}],"id":"Factory"},{"layers":[{"name":"Calque 1","keyframes":[{"pivot":[70.7,70.7],"tweened":false,"loc":[0,70.6],"ref":"_tile","duration":1,"scale":[0.9986,0.9987],"index":0}]}],"id":"FootPrint"},{"layers":[{"name":"Calque 1","keyframes":[{"tweened":false,"skew":[1.1071,0.4636],"ref":"_ground","duration":1,"scale":[1.1182,1.1182],"index":0}]}],"id":"Ground"},{"layers":[{"name":"hellhouse","keyframes":[{"pivot":[255.65,204.5],"tweened":false,"loc":[-9,-12.55],"ref":"_hellHouse","duration":1,"index":0}]}],"id":"House"},{"layers":[{"name":"_btn","keyframes":[{"pivot":[51.95,51.95],"skew":[1.1072,0.4636],"loc":[0,-0.05],"ref":"_regionBtn","duration":1,"scale":[0.9987,0.9987],"index":0,"tweened":false}]}],"id":"RegionButton"},{"layers":[{"name":"Calque 1","keyframes":[{"pivot":[33.05,0],"skew":[1.1071,0.4636],"ref":"_roadTop_turn1","duration":1,"scale":[1.1182,1.1182],"index":0,"tweened":false}]}],"id":"Road_bl"},{"layers":[{"name":"Calque 1","keyframes":[{"tweened":false,"skew":[1.1071,0.4636],"ref":"_roadTop_turn0","duration":1,"scale":[1.1182,1.1182],"index":0}]}],"id":"Road_br"},{"layers":[{"name":"Calque 1","keyframes":[{"pivot":[15.05,13.65],"skew":[1.1071,0.4636],"ref":"_roadTop_crossroad","duration":1,"scale":[1.1182,1.1182],"index":0,"tweened":false}]}],"id":"Road_c"},{"layers":[{"name":"Calque 1","keyframes":[{"pivot":[0,13.65],"skew":[2.0344,2.6779],"loc":[100.05,50],"ref":"_roadTop_straight","duration":1,"scale":[1.1182,1.1182],"index":0,"tweened":false}]}],"id":"Road_h"},{"layers":[{"name":"Calque 1","keyframes":[{"tweened":false,"skew":[-2.0344,-2.6779],"loc":[0,100],"ref":"_roadTop_turn0","duration":1,"scale":[1.1182,1.1182],"index":0}]}],"id":"Road_tl"},{"layers":[{"name":"Calque 1","keyframes":[{"pivot":[33.05,0],"skew":[-2.0344,-2.6779],"loc":[0,100],"ref":"_roadTop_turn1","duration":1,"scale":[1.1182,1.1182],"index":0,"tweened":false}]}],"id":"Road_tr"},{"layers":[{"name":"Calque 1","keyframes":[{"pivot":[0,13.65],"skew":[1.1071,0.4636],"ref":"_roadTop_straight","duration":1,"scale":[1.1182,1.1182],"index":0,"tweened":false}]}],"id":"Road_v"},{"layers":[{"name":"_earth","keyframes":[{"pivot":[100,60],"tint":[0.63,"#000000"],"loc":[0,100],"ref":"_earth","duration":1,"index":0,"tweened":false}]},{"name":"Ground","keyframes":[{"tweened":false,"tint":[0.34,"#009900"],"loc":[0,-10],"ref":"Ground","duration":1,"index":0}]},{"name":"_tree","keyframes":[{"pivot":[59.2,133.3],"tweened":false,"loc":[44.65,53.1],"ref":"_tree","duration":1,"index":0}]},{"name":"_tree","keyframes":[{"pivot":[59.2,133.3],"tweened":false,"loc":[-23.2,67.05],"ref":"_tree","duration":1,"scale":[0.7,0.7],"index":0}]}],"id":"Trees"},{"layers":[{"name":"_earth","keyframes":[{"index":0,"duration":1}]},{"name":"Ground","keyframes":[{"index":0,"duration":1}]},{"name":"_earth","keyframes":[{"index":0,"duration":1}]},{"name":"_earth","keyframes":[{"index":0,"duration":1}]},{"name":"_earth","keyframes":[{"index":0,"duration":1}]},{"name":"_earth","keyframes":[{"index":0,"duration":1}]},{"name":"Ground","keyframes":[{"index":0,"duration":1}]},{"name":"Ground","keyframes":[{"index":0,"duration":1}]},{"name":"Ground","keyframes":[{"index":0,"duration":1}]},{"name":"Ground","keyframes":[{"index":0,"duration":1}]},{"name":"Ground","keyframes":[{"index":0,"duration":1}]},{"name":"Ground","keyframes":[{"index":0,"duration":1}]},{"name":"Ground","keyframes":[{"index":0,"duration":1}]},{"name":"Ground","keyframes":[{"index":0,"duration":1}]},{"name":"_house","keyframes":[{"index":0,"duration":1}]},{"name":"_tree","keyframes":[{"index":0,"duration":1}]},{"name":"_tree","keyframes":[{"index":0,"duration":1}]},{"name":"_tree","keyframes":[{"index":0,"duration":1}]},{"name":"_pool","keyframes":[{"index":0,"duration":1}]},{"name":"_house","keyframes":[{"pivot":[243.35,312.35],"tweened":false,"loc":[-20.6,-35.85],"ref":"_nightClub","duration":1,"index":0}]}],"id":"Villa"},{"layers":[{"name":"_cube","keyframes":[{"pivot":[196.35,331.5],"tweened":false,"loc":[-1.8,-153.8],"ref":"wi","duration":1,"index":0}]}],"id":"WindTurbine"}],"frameRate":24}