{"md5":"3e05d6e82dd5594c40bdcf7635dbdae4","isNamespaced":false,"textureGroups":[{"scaleFactor":1,"atlases":[{"file":"atlas0.png","textures":[{"symbol":"fa","origin":[400,253],"rect":[1,1,800,507]},{"symbol":"_nightClub","origin":[262.75,347.95],"rect":[803,1,487,625]},{"symbol":"wi","origin":[196.4,331.55],"rect":[1,510,396,686]},{"symbol":"_factory","origin":[0,0],"rect":[1292,1,579,420]},{"symbol":"_hellHouse","origin":[259.75,221.4],"rect":[1292,423,512,410]},{"symbol":"vi","origin":[300,173.4],"rect":[399,628,600,347]},{"symbol":"_pool","origin":[217.7,251.25],"rect":[1001,835,469,268]},{"symbol":"_tower","origin":[82.75,200.95],"rect":[1873,1,166,402]},{"symbol":"_roadTop_turn0","origin":[0,0],"rect":[1001,628,193,191]},{"symbol":"_house","origin":[88.75,158.25],"rect":[1806,423,178,159]},{"symbol":"_wing","origin":[25.35,28.85],"rect":[399,977,412,66]},{"symbol":"_roadTop_turn1","origin":[33.05,0],"rect":[813,977,134,148]},{"symbol":"_roadTop_crossroad","origin":[15.05,13.65],"rect":[1806,584,130,130]},{"symbol":"_tree","origin":[59.2,133.3],"rect":[1806,716,119,134]},{"symbol":"_gold","origin":[55.5,59],"rect":[1927,716,111,118]},{"symbol":"_roadTop_straight","origin":[0,13.65],"rect":[1938,584,100,130]},{"symbol":"_tile","origin":[55.25,55.95],"rect":[399,510,111,112]},{"symbol":"_tileGreen","origin":[55.25,55.95],"rect":[512,510,111,112]},{"symbol":"_tileRed","origin":[55.25,55.95],"rect":[625,510,111,112]},{"symbol":"_tileYellow","origin":[55.25,55.95],"rect":[1927,836,111,112]},{"symbol":"_earth","origin":[100,60],"rect":[1472,835,200,60]},{"symbol":"_regionBtn","origin":[51.95,51.95],"rect":[1674,835,104,104]},{"symbol":"_ground","origin":[0,0],"rect":[1780,852,100,100]},{"symbol":"_turbineNoze","origin":[0,0],"rect":[738,510,31,27]}]}]}],"movies":[{"layers":[{"keyframes":[{"tweened":false,"index":0,"ref":"_gold","pivot":[55.5,59],"scale":[0.75,0.75],"duration":1}],"name":"Calque 1"}],"id":"ButtonGold"},{"layers":[{"keyframes":[{"duration":1,"index":0}],"name":"_earth"},{"keyframes":[{"duration":1,"index":0}],"name":"_earth"},{"keyframes":[{"duration":1,"index":0}],"name":"_earth"},{"keyframes":[{"duration":1,"index":0}],"name":"Ground"},{"keyframes":[{"duration":1,"index":0}],"name":"_earth"},{"keyframes":[{"duration":1,"index":0}],"name":"_earth"},{"keyframes":[{"duration":1,"index":0}],"name":"_earth"},{"keyframes":[{"duration":1,"index":0}],"name":"Ground"},{"keyframes":[{"duration":1,"index":0}],"name":"Ground"},{"keyframes":[{"duration":1,"index":0}],"name":"_earth"},{"keyframes":[{"duration":1,"index":0}],"name":"Ground"},{"keyframes":[{"duration":1,"index":0}],"name":"Ground"},{"keyframes":[{"duration":1,"index":0}],"name":"Ground"},{"keyframes":[{"duration":1,"index":0}],"name":"Ground"},{"keyframes":[{"duration":1,"index":0}],"name":"Ground"},{"keyframes":[{"duration":1,"index":0}],"name":"Ground"},{"keyframes":[{"duration":1,"index":0}],"name":"Ground"},{"keyframes":[{"duration":1,"index":0}],"name":"Ground"},{"keyframes":[{"duration":1,"index":0}],"name":"Ground"},{"keyframes":[{"duration":1,"index":0}],"name":"Ground"},{"keyframes":[{"duration":1,"index":0}],"name":"Ground"},{"keyframes":[{"duration":1,"index":0}],"name":"Ground"},{"keyframes":[{"pivot":[400,253],"index":0,"loc":[100,146.95],"ref":"fa","tweened":false,"duration":1}],"name":"_factory"}],"id":"Factory"},{"layers":[{"keyframes":[{"pivot":[55.2,55.8],"skew":[1.1069,0.4639],"index":0,"loc":[0.0899,49.96],"ref":"_tile","tweened":false,"scale":[1.0056,1.0056],"duration":1}],"name":"Calque 1"}],"id":"FootPrint"},{"layers":[{"keyframes":[{"pivot":[55.2,55.8],"skew":[1.1069,0.4639],"index":0,"loc":[0.0899,49.96],"ref":"_tileGreen","tweened":false,"scale":[1.0056,1.0056],"duration":1}],"name":"Calque 1"}],"id":"FootPrint_green"},{"layers":[{"keyframes":[{"pivot":[55.2,55.8],"skew":[1.1069,0.4639],"index":0,"loc":[0.0899,49.96],"ref":"_tileRed","tweened":false,"scale":[1.0056,1.0056],"duration":1}],"name":"Calque 1"}],"id":"FootPrint_red"},{"layers":[{"keyframes":[{"pivot":[55.2,55.8],"skew":[1.1069,0.4639],"index":0,"loc":[0.0899,49.96],"ref":"_tileYellow","tweened":false,"scale":[1.0056,1.0056],"duration":1}],"name":"Calque 1"}],"id":"FootPrint_yellow"},{"layers":[{"keyframes":[{"tweened":false,"skew":[1.1071,0.4636],"index":0,"ref":"_ground","scale":[1.1182,1.1182],"duration":1}],"name":"Calque 1"}],"id":"Ground"},{"layers":[{"keyframes":[{"pivot":[255.65,204.5],"index":0,"loc":[-9,-12.55],"ref":"_hellHouse","tweened":false,"duration":1}],"name":"hellhouse"}],"id":"House"},{"layers":[{"keyframes":[{"pivot":[51.95,51.95],"skew":[1.1072,0.4636],"index":0,"loc":[0,-0.05],"ref":"_regionBtn","tweened":false,"scale":[0.9987,0.9987],"duration":1}],"name":"_btn"}],"id":"RegionButton"},{"layers":[{"keyframes":[{"pivot":[33.05,0],"skew":[1.1071,0.4636],"index":0,"ref":"_roadTop_turn1","tweened":false,"scale":[1.1182,1.1182],"duration":1}],"name":"Calque 1"}],"id":"Road_bl"},{"layers":[{"keyframes":[{"tweened":false,"skew":[1.1071,0.4636],"index":0,"ref":"_roadTop_turn0","scale":[1.1182,1.1182],"duration":1}],"name":"Calque 1"}],"id":"Road_br"},{"layers":[{"keyframes":[{"pivot":[15.05,13.65],"skew":[1.1071,0.4636],"index":0,"ref":"_roadTop_crossroad","tweened":false,"scale":[1.1182,1.1182],"duration":1}],"name":"Calque 1"}],"id":"Road_c"},{"layers":[{"keyframes":[{"pivot":[0,13.65],"skew":[2.0344,2.6779],"index":0,"loc":[100.05,50],"ref":"_roadTop_straight","tweened":false,"scale":[1.1182,1.1182],"duration":1}],"name":"Calque 1"}],"id":"Road_h"},{"layers":[{"keyframes":[{"tweened":false,"skew":[-2.0344,-2.6779],"index":0,"loc":[0,100],"ref":"_roadTop_turn0","scale":[1.1182,1.1182],"duration":1}],"name":"Calque 1"}],"id":"Road_tl"},{"layers":[{"keyframes":[{"pivot":[33.05,0],"skew":[-2.0344,-2.6779],"index":0,"loc":[0,100],"ref":"_roadTop_turn1","tweened":false,"scale":[1.1182,1.1182],"duration":1}],"name":"Calque 1"}],"id":"Road_tr"},{"layers":[{"keyframes":[{"pivot":[0,13.65],"skew":[1.1071,0.4636],"index":0,"ref":"_roadTop_straight","tweened":false,"scale":[1.1182,1.1182],"duration":1}],"name":"Calque 1"}],"id":"Road_v"},{"layers":[{"keyframes":[{"pivot":[100,60],"tint":[0.63,"#000000"],"index":0,"loc":[0,100],"ref":"_earth","tweened":false,"duration":1}],"name":"_earth"},{"keyframes":[{"tweened":false,"tint":[0.34,"#009900"],"index":0,"loc":[0,-10],"ref":"Ground","duration":1}],"name":"Ground"},{"keyframes":[{"pivot":[59.2,133.3],"index":0,"loc":[44.65,53.1],"ref":"_tree","tweened":false,"duration":1}],"name":"_tree"},{"keyframes":[{"pivot":[59.2,133.3],"index":0,"loc":[-23.2,67.05],"ref":"_tree","tweened":false,"scale":[0.7,0.7],"duration":1}],"name":"_tree"}],"id":"Trees"},{"layers":[{"keyframes":[{"duration":1,"index":0}],"name":"_earth"},{"keyframes":[{"duration":1,"index":0}],"name":"Ground"},{"keyframes":[{"duration":1,"index":0}],"name":"_earth"},{"keyframes":[{"duration":1,"index":0}],"name":"_earth"},{"keyframes":[{"duration":1,"index":0}],"name":"_earth"},{"keyframes":[{"duration":1,"index":0}],"name":"_earth"},{"keyframes":[{"duration":1,"index":0}],"name":"Ground"},{"keyframes":[{"duration":1,"index":0}],"name":"Ground"},{"keyframes":[{"duration":1,"index":0}],"name":"Ground"},{"keyframes":[{"duration":1,"index":0}],"name":"Ground"},{"keyframes":[{"duration":1,"index":0}],"name":"Ground"},{"keyframes":[{"duration":1,"index":0}],"name":"Ground"},{"keyframes":[{"duration":1,"index":0}],"name":"Ground"},{"keyframes":[{"duration":1,"index":0}],"name":"Ground"},{"keyframes":[{"duration":1,"index":0}],"name":"_house"},{"keyframes":[{"duration":1,"index":0}],"name":"_tree"},{"keyframes":[{"duration":1,"index":0}],"name":"_tree"},{"keyframes":[{"duration":1,"index":0}],"name":"_tree"},{"keyframes":[{"duration":1,"index":0}],"name":"_pool"},{"keyframes":[{"pivot":[243.35,312.35],"index":0,"loc":[-20.6,-35.85],"ref":"_nightClub","tweened":false,"duration":1}],"name":"_house"}],"id":"Villa"},{"layers":[{"keyframes":[{"pivot":[196.35,331.5],"index":0,"loc":[-1.8,-153.8],"ref":"wi","tweened":false,"duration":1}],"name":"_cube"}],"id":"WindTurbine"}],"frameRate":24}