{"isNamespaced":false,"textureGroups":[{"atlases":[{"file":"atlas0.png","textures":[{"symbol":"fa","origin":[400,253],"rect":[1,1,800,507]},{"symbol":"_nightClub","origin":[262.75,347.95],"rect":[803,1,487,625]},{"symbol":"wi","origin":[196.4,331.55],"rect":[1,510,396,686]},{"symbol":"_factory","origin":[0,0],"rect":[1292,1,579,420]},{"symbol":"_hellHouse","origin":[259.75,221.4],"rect":[1292,423,512,410]},{"symbol":"vi","origin":[300,173.4],"rect":[399,628,600,347]},{"symbol":"_pool","origin":[217.7,251.25],"rect":[1001,835,469,268]},{"symbol":"_tower","origin":[82.75,200.95],"rect":[1873,1,166,402]},{"symbol":"_roadTop_turn0","origin":[0,0],"rect":[1001,628,193,191]},{"symbol":"_house","origin":[88.75,158.25],"rect":[1806,423,178,159]},{"symbol":"_wing","origin":[25.35,28.85],"rect":[399,977,412,66]},{"symbol":"_tile","origin":[70.7,70.7],"rect":[813,977,142,142]},{"symbol":"_roadTop_turn1","origin":[33.05,0],"rect":[1806,584,134,148]},{"symbol":"_roadTop_crossroad","origin":[15.05,13.65],"rect":[1806,734,130,130]},{"symbol":"_tree","origin":[59.2,133.3],"rect":[1472,835,119,134]},{"symbol":"_gold","origin":[55.5,59],"rect":[1593,835,111,118]},{"symbol":"_roadTop_straight","origin":[0,13.65],"rect":[1938,734,100,130]},{"symbol":"_earth","origin":[100,60],"rect":[399,510,200,60]},{"symbol":"_regionBtn","origin":[51.95,51.95],"rect":[1942,584,104,104]},{"symbol":"_ground","origin":[0,0],"rect":[601,510,100,100]},{"symbol":"_turbineNoze","origin":[0,0],"rect":[1942,690,31,27]}]}],"scaleFactor":1}],"movies":[{"layers":[{"keyframes":[{"pivot":[55.5,59],"tweened":false,"scale":[0.75,0.75],"index":0,"ref":"_gold","duration":1}],"name":"Calque 1"}],"id":"ButtonGold"},{"layers":[{"keyframes":[{"index":0,"duration":1}],"name":"_earth"},{"keyframes":[{"index":0,"duration":1}],"name":"_earth"},{"keyframes":[{"index":0,"duration":1}],"name":"_earth"},{"keyframes":[{"index":0,"duration":1}],"name":"Ground"},{"keyframes":[{"index":0,"duration":1}],"name":"_earth"},{"keyframes":[{"index":0,"duration":1}],"name":"_earth"},{"keyframes":[{"index":0,"duration":1}],"name":"_earth"},{"keyframes":[{"index":0,"duration":1}],"name":"Ground"},{"keyframes":[{"index":0,"duration":1}],"name":"Ground"},{"keyframes":[{"index":0,"duration":1}],"name":"_earth"},{"keyframes":[{"index":0,"duration":1}],"name":"Ground"},{"keyframes":[{"index":0,"duration":1}],"name":"Ground"},{"keyframes":[{"index":0,"duration":1}],"name":"Ground"},{"keyframes":[{"index":0,"duration":1}],"name":"Ground"},{"keyframes":[{"index":0,"duration":1}],"name":"Ground"},{"keyframes":[{"index":0,"duration":1}],"name":"Ground"},{"keyframes":[{"index":0,"duration":1}],"name":"Ground"},{"keyframes":[{"index":0,"duration":1}],"name":"Ground"},{"keyframes":[{"index":0,"duration":1}],"name":"Ground"},{"keyframes":[{"index":0,"duration":1}],"name":"Ground"},{"keyframes":[{"index":0,"duration":1}],"name":"Ground"},{"keyframes":[{"index":0,"duration":1}],"name":"Ground"},{"keyframes":[{"pivot":[400,253],"tweened":false,"loc":[100,146.95],"index":0,"ref":"fa","duration":1}],"name":"_factory"}],"id":"Factory"},{"layers":[{"keyframes":[{"pivot":[70.7,70.7],"tweened":false,"loc":[70.6,70.6],"scale":[0.9986,0.9987],"index":0,"ref":"_tile","duration":1}],"name":"Calque 1"}],"id":"FootPrint"},{"layers":[{"keyframes":[{"tweened":false,"duration":1,"scale":[1.1182,1.1182],"index":0,"ref":"_ground","skew":[1.1071,0.4636]}],"name":"Calque 1"}],"id":"Ground"},{"layers":[{"keyframes":[{"pivot":[255.65,204.5],"tweened":false,"loc":[-9,-12.55],"index":0,"ref":"_hellHouse","duration":1}],"name":"hellhouse"}],"id":"House"},{"layers":[{"keyframes":[{"pivot":[51.95,51.95],"tweened":false,"duration":1,"loc":[0,-0.05],"scale":[0.9987,0.9987],"index":0,"ref":"_regionBtn","skew":[1.1072,0.4636]}],"name":"_btn"}],"id":"RegionButton"},{"layers":[{"keyframes":[{"pivot":[33.05,0],"tweened":false,"duration":1,"scale":[1.1182,1.1182],"index":0,"ref":"_roadTop_turn1","skew":[1.1071,0.4636]}],"name":"Calque 1"}],"id":"Road_bl"},{"layers":[{"keyframes":[{"tweened":false,"duration":1,"scale":[1.1182,1.1182],"index":0,"ref":"_roadTop_turn0","skew":[1.1071,0.4636]}],"name":"Calque 1"}],"id":"Road_br"},{"layers":[{"keyframes":[{"pivot":[15.05,13.65],"tweened":false,"duration":1,"scale":[1.1182,1.1182],"index":0,"ref":"_roadTop_crossroad","skew":[1.1071,0.4636]}],"name":"Calque 1"}],"id":"Road_c"},{"layers":[{"keyframes":[{"pivot":[0,13.65],"tweened":false,"duration":1,"loc":[100.05,50],"scale":[1.1182,1.1182],"index":0,"ref":"_roadTop_straight","skew":[2.0344,2.6779]}],"name":"Calque 1"}],"id":"Road_h"},{"layers":[{"keyframes":[{"tweened":false,"duration":1,"loc":[0,100],"scale":[1.1182,1.1182],"index":0,"ref":"_roadTop_turn0","skew":[-2.0344,-2.6779]}],"name":"Calque 1"}],"id":"Road_tl"},{"layers":[{"keyframes":[{"pivot":[33.05,0],"tweened":false,"duration":1,"loc":[0,100],"scale":[1.1182,1.1182],"index":0,"ref":"_roadTop_turn1","skew":[-2.0344,-2.6779]}],"name":"Calque 1"}],"id":"Road_tr"},{"layers":[{"keyframes":[{"pivot":[0,13.65],"tweened":false,"duration":1,"scale":[1.1182,1.1182],"index":0,"ref":"_roadTop_straight","skew":[1.1071,0.4636]}],"name":"Calque 1"}],"id":"Road_v"},{"layers":[{"keyframes":[{"pivot":[100,60],"tweened":false,"duration":1,"loc":[0,100],"index":0,"ref":"_earth","tint":[0.63,"#000000"]}],"name":"_earth"},{"keyframes":[{"tweened":false,"duration":1,"loc":[0,-10],"index":0,"ref":"Ground","tint":[0.34,"#009900"]}],"name":"Ground"},{"keyframes":[{"pivot":[59.2,133.3],"tweened":false,"loc":[44.65,53.1],"index":0,"ref":"_tree","duration":1}],"name":"_tree"},{"keyframes":[{"pivot":[59.2,133.3],"tweened":false,"loc":[-23.2,67.05],"scale":[0.7,0.7],"index":0,"ref":"_tree","duration":1}],"name":"_tree"}],"id":"Trees"},{"layers":[{"keyframes":[{"index":0,"duration":1}],"name":"_earth"},{"keyframes":[{"index":0,"duration":1}],"name":"Ground"},{"keyframes":[{"index":0,"duration":1}],"name":"_earth"},{"keyframes":[{"index":0,"duration":1}],"name":"_earth"},{"keyframes":[{"index":0,"duration":1}],"name":"_earth"},{"keyframes":[{"index":0,"duration":1}],"name":"_earth"},{"keyframes":[{"index":0,"duration":1}],"name":"Ground"},{"keyframes":[{"index":0,"duration":1}],"name":"Ground"},{"keyframes":[{"index":0,"duration":1}],"name":"Ground"},{"keyframes":[{"index":0,"duration":1}],"name":"Ground"},{"keyframes":[{"index":0,"duration":1}],"name":"Ground"},{"keyframes":[{"index":0,"duration":1}],"name":"Ground"},{"keyframes":[{"index":0,"duration":1}],"name":"Ground"},{"keyframes":[{"index":0,"duration":1}],"name":"Ground"},{"keyframes":[{"index":0,"duration":1}],"name":"_house"},{"keyframes":[{"index":0,"duration":1}],"name":"_tree"},{"keyframes":[{"index":0,"duration":1}],"name":"_tree"},{"keyframes":[{"index":0,"duration":1}],"name":"_tree"},{"keyframes":[{"index":0,"duration":1}],"name":"_pool"},{"keyframes":[{"pivot":[243.35,312.35],"tweened":false,"loc":[-20.6,-35.85],"index":0,"ref":"_nightClub","duration":1}],"name":"_house"}],"id":"Villa"},{"layers":[{"keyframes":[{"pivot":[196.35,331.5],"tweened":false,"loc":[-1.8,-153.8],"index":0,"ref":"wi","duration":1}],"name":"_cube"}],"id":"WindTurbine"}],"md5":"fb74f72ca399b6aff7a0533d65075795","frameRate":24}